{
  "Config test request" : {
    "transaction" : "Config test request",
    "sampleCount" : 16306,
    "errorCount" : 15763,
    "errorPct" : 96.66994,
    "meanResTime" : 9009.264810499199,
    "medianResTime" : 7753.0,
    "minResTime" : 317.0,
    "maxResTime" : 22830.0,
    "pct1ResTime" : 17309.0,
    "pct2ResTime" : 19006.0,
    "pct3ResTime" : 22004.0,
    "throughput" : 29.878368325191573,
    "receivedKBytesPerSec" : 6.8340156753324806,
    "sentKBytesPerSec" : 4.6319195422412625
  },
  "Total" : {
    "transaction" : "Total",
    "sampleCount" : 16306,
    "errorCount" : 15763,
    "errorPct" : 96.66994,
    "meanResTime" : 9009.264810499199,
    "medianResTime" : 7753.0,
    "minResTime" : 317.0,
    "maxResTime" : 22830.0,
    "pct1ResTime" : 17309.0,
    "pct2ResTime" : 19006.0,
    "pct3ResTime" : 22004.0,
    "throughput" : 29.878368325191573,
    "receivedKBytesPerSec" : 6.8340156753324806,
    "sentKBytesPerSec" : 4.6319195422412625
  }
}