{
  "Config test request" : {
    "transaction" : "Config test request",
    "sampleCount" : 2183,
    "errorCount" : 2006,
    "errorPct" : 91.89189,
    "meanResTime" : 11545.998167659205,
    "medianResTime" : 12510.0,
    "minResTime" : 126.0,
    "maxResTime" : 26196.0,
    "pct1ResTime" : 24212.0,
    "pct2ResTime" : 24220.0,
    "pct3ResTime" : 26043.0,
    "throughput" : 32.96338240845602,
    "receivedKBytesPerSec" : 8.148490586070215,
    "sentKBytesPerSec" : 5.059721828992073
  },
  "Total" : {
    "transaction" : "Total",
    "sampleCount" : 2183,
    "errorCount" : 2006,
    "errorPct" : 91.89189,
    "meanResTime" : 11545.998167659205,
    "medianResTime" : 12510.0,
    "minResTime" : 126.0,
    "maxResTime" : 26196.0,
    "pct1ResTime" : 24212.0,
    "pct2ResTime" : 24220.0,
    "pct3ResTime" : 26043.0,
    "throughput" : 32.96338240845602,
    "receivedKBytesPerSec" : 8.148490586070215,
    "sentKBytesPerSec" : 5.059721828992073
  }
}